Organization,Reported Date,Dates of Breach,,,,,
"Nuna Baby Essentials, Inc.",01/21/2022,3/26/2020,4/7/2021,,,,
"LendUS, LLC",01/19/2022,2/2/2021,3/22/2021,,,,
Penn LLC d/b/a Pulse TV,01/14/2022,11/1/2019,8/31/2021,,,,
Harder+Company Community Research,1/12/2022,4/17/2021,8/12/2021,,,,
Medical Review Institute of America (MRIoA),1/10/2022,11/2/2021,11/9/2021,,,,
Trillium Community Health Plan,1/7/2022,3/4/2021,9/12/2021,,,,
Heart 'n Home Hospice,1/7/2022,10/12/2021,10/14/2021,,,,
Ravkoo,1/5/2022,9/27/2021,12/7/2021,,,,
"Bob’s Red Mill Natural Foods, Inc.",1/4/2022,11/28/2021,12/17/2021,,,,
Innovations Group Inc,1/3/2022,10/27/2021,10/30/2021,,,,
North Broward Hospital District d/b/a Broward Health,1/2/2022,,,,,,
"McMenamins, Inc.",12/30/2021,,,,,,
Portland Roasting,12/28/2021,10/11/2021,12/15/2021,,,,
Pro Wrestling Tees/Creative Ventures,12/22/2021,4/1/2021,11/1/2021,,,,
"BearTooth Mapping, Inc.",12/21/2021,11/13/2021,11/19/2021,,,,
Heirloom Roses,12/17/2021,2/24/2021,10/26/2021,,,,
Integrated Services of Kalamazoo,12/17/2021,3/29/2021,5/25/2021,,,,
Running Warehouse LLC,12/16/2021,10/1/2021,,,,,
Tennis Warehouse LLC,12/16/2021,10/1/2021,,,,,
Skate Warehouse LLC,12/16/2021,10/1/2021,,,,,
Tackle Warehouse LLC,12/16/2021,10/1/2021,,,,,
Sound Generations,12/13/2021,7/18/2021,9/18/2021,,,,
Travelers Indemnity Company,12/10/2021,4/7/2021,11/17/2021,,,,
"Mor Furniture for Less, Inc.",12/9/2021,7/13/2021,7/16/2021,,,,
DNA Diagnostics Center (DDC),12/9/2021,5/24/2021,7/28/2021,,,,
"Oregon Anesthesiology Group, P.C.",12/6/2021,7/3/2021,7/15/2021,,,,
American Council for International Studies,12/3/2021,5/25/2021,6/10/2021,,,,
Department of Administrative Services,12/2/2021,10/18/2021,10/18/2021,,,,
"GoDaddy.com, LLC",11/23/2021,9/6/2021,9/11/2021,11/7/2021,11/7/2021,,
One Community Health,11/22/2021,4/19/2021,4/20/2021,,,,
Astoria Company LLC,11/22/2021,1/19/2021,1/29/2021,,,,
"Pawn America Minnesota, LLC",11/22/2021,,,,,,
"PAL Card Minnesota, LLC",11/22/2021,7/19/2021,10/3/2021,,,,
"Utah Imaging Associates, Inc.",11/18/2021,8/29/2021,9/4/2021,,,,
"Diode Dynamics, L.L.C.",11/16/2021,9/26/2020,10/27/2021,,,,
California Pizza Kitchen,11/15/2021,9/15/2021,,,,,
Sheridan Production Company III LLC,11/4/2021,8/14/2021,8/19/2021,,,,
Sea Mar Community Health Centers,11/1/2021,12/12/2020,3/15/2021,,,,
"SCUF Gaming International, LLC",10/21/2021,,,,,,
University Medical Center of Southern Nevada,10/20/2021,6/14/2021,6/15/2021,,,,
"J.B. Hunt Transport, Inc.",10/20/2021,8/17/2020,7/2/2021,,,,
Carnival Corporation and plc,10/18/2021,3/12/2021,,,,,
American Osteopathic Association,10/14/2021,6/25/2020,6/25/2020,,,,
The Public School and Education Employees Retirement Systems of Missouri,10/14/2021,9/11/2021,9/11/2021,,,,
"Medical & Psychotherapy Billing, LLC",10/12/2021,8/24/2021,8/24/2021,,,,
ReproSource Fertility Diagnostics Inc.,10/8/2021,8/8/2021,8/10/2021,,,,
"Oregon Eye Specialists, PC",10/8/2021,6/29/2021,8/31/2021,,,,
Smile Brands Inc.,10/8/2021,4/23/2021,4/24/2021,,,,
"Tammy Hastings Bookkeeping & Tax Service, Inc.",10/6/2021,6/4/2021,6/4/2021,,,,
"The Neiman Marcus Group, LLC (“NMG” or the “Company”)",09/30/2021,1/1/0001,5/17/2020,,,,
LPL Financial LLC,09/30/2021,7/26/2021,7/28/2021,,,,
Young Life,09/29/2021,8/30/2021,8/30/2021,,,,
"Wm. G. Roe & Sons, Inc.",09/28/2021,6/9/2021,6/13/2021,,,,
"Dick Blick Holdings, Inc",09/23/2021,3/11/2020,12/15/2020,,,,
"Epik Holdings, Inc.",09/22/2021,9/13/2021,,,,,
Lifelong Medical Care,9/7/2021,,,,,,
Craft3,9/1/2021,1/24/2021,6/9/2021,,,,
Hyphen LLC,9/1/2021,3/13/2021,,,,,
T-Mobile USA,08/27/2021,,,,,,
"Syufy Enterprises, LP",08/24/2021,9/7/2020,9/15/2020,,,,
"American Freight, LLC and its related subsidiaries and affiliates, including American Freight Outlet",08/24/2021,11/24/2020,12/9/2020,,,,
"Columbia Helicopters, Inc.",08/24/2021,5/27/2021,7/16/2021,,,,
"Morgan Truck Body, LLC",08/23/2021,7/16/2021,,,,,
"Grant Street Asset Management, Inc",08/19/2021,3/11/2021,6/22/2021,,,,
"BackNine Insurance and Financial Services, Inc.",08/17/2021,4/23/2015,7/12/2021,,,,
"Mackenzie Engineering, Inc.",08/16/2021,6/16/2021,7/16/2021,,,,
Pacific West Bank,08/13/2021,9/13/2020,9/28/2020,,,,
Destination Maternity,08/13/2021,3/16/2021,4/13/2021,,,,
Spreadshirt inc.,8/9/2021,7/1/2021,7/15/2021,,,,
Transtar Industries Inc.,8/9/2021,1/9/2021,,,,,
"Ibex Global Solutions, Inc. (“Ibex”)",8/6/2021,,,,,,
WSSC WATER,8/2/2021,5/24/2021,6/15/2021,,,,
MOTOR TREND GROUP,8/2/2021,6/19/2021,7/16/2021,,,,
Centennial School District,07/29/2021,4/25/2021,4/27/2021,,,,
Professional Benefit Services Inc,07/28/2021,9/18/2020,10/14/2020,,,,
Aetna,07/26/2021,8/6/2020,10/2/2020,,,,
Transform SR Holding Management LLC,07/26/2021,6/3/2021,6/21/2021,,,,
Savory Spice,07/23/2021,4/5/2017,3/27/2021,,,,
"Forest City Trade Group, LLC and its affiliated companies",07/22/2021,6/21/2021,6/24/2021,,,,
"Resort Data Processing, Inc.",07/22/2021,1/1/0001,,,,,
Made In Oregon,07/21/2021,9/1/2020,2/26/2021,,,,
Colton Telephone Company dba COLTONTEL,07/20/2021,,,,,,
SN Servicing Corporation,07/16/2021,10/15/2020,10/15/2020,,,,
San Juan Regional Medical Center,07/15/2021,9/7/2020,9/8/2020,,,,
Cohen Milstein Sellers & Toll PLLC,07/15/2021,1/23/2021,1/23/2021,,,,
Academic Health Plans,07/13/2021,8/6/2020,10/2/2020,,,,
CNA Financial Corporation,7/9/2021,3/5/2021,3/21/2021,,,,
"CSI Financial Services, LLC (“ClearBalance”)",7/9/2021,3/8/2021,4/26/2021,,,,
"Forefront Management, LLC and Forefront Dermatology, S.C.",7/8/2021,5/28/2021,6/4/2021,,,,
Arthur J. Gallagher & Co.,7/8/2021,7/2/2020,9/26/2020,,,,
"Stride, Inc.",7/6/2021,,,,,,
"The Paradies Shops, LLC",7/2/2021,10/8/2020,10/13/2020,,,,
Morgan Stanley,7/2/2021,1/20/2021,,,,,
Nevada Restaurant Services Inc.,7/1/2021,1/16/2021,,,,,
Marsh McLennan,7/1/2021,4/22/2021,4/30/2021,,,,
"Princeton Property Management, Inc.",06/23/2021,2/22/2021,2/25/2021,,,,
"Asset Marketing Services, LLC d/b/a GovMint.com",06/23/2021,5/21/2020,5/3/2021,,,,
Health Net Health Plan of Oregon/ Trillium Community Health Plan,06/23/2021,1/7/2021,1/20/2021,,,,
"Maximus, Inc.",06/23/2021,5/17/2021,5/19/2021,,,,
Amgen Inc.,06/22/2021,4/21/2021,5/14/2021,,,,
"Charles E. Jones, DDS PC d/b/a Jones Family Dental",06/18/2021,4/15/2021,4/18/2021,,,,
"Herff Jones, LLC",06/16/2021,1/11/2021,4/19/2021,,,,
"St. Charles Health System, Inc. (Covered Entity) submitting due to vendor breach (Elekta, Inc.)",06/14/2021,4/2/2021,4/6/2021,4/19/2021,4/20/2021,,
"Volkswagen Group of America, Inc.",6/10/2021,,,,,,
Providence Health Plan,6/4/2021,3/16/2021,3/18/2021,3/22/2021,3/23/2021,,
Supplemental Income Trust Fund; MonRoc Administrators LLC,6/3/2021,3/22/2021,4/21/2021,,,,
"20/20 Eye Care Network, Inc.",05/29/2021,1/11/2021,1/11/2021,,,,
"USA Waste-Management Resources, LLC",05/28/2021,1/21/2021,1/23/2021,,,,
Accucom Corporation,05/27/2021,5/25/2020,12/16/2020,,,,
"Progrexion ASG, Inc.",05/26/2021,3/5/2021,,,,,
Infinity Insurance Company,05/25/2021,1/7/2021,4/4/2021,,,,
"Sugarfina USA, LLC",05/25/2021,1/1/0001,,,,,
"Defender Industries, Inc.",05/21/2021,11/22/2020,4/15/2021,,,,
"Aspen Dental Management, Inc.",05/21/2021,3/19/2021,3/20/2021,,,,
Rehoboth McKinley Christian Health Care Services,05/19/2021,1/21/2021,2/5/2021,,,,
Phillip Galyen PC,05/14/2021,3/1/2021,4/1/2021,,,,
"Insurance Technologies Corporation, on behalf of the brokers listed in Exhibit A of emailed letter.",05/14/2021,2/27/2021,3/4/2021,,,,
American Family Insurance,5/11/2021,2/6/2021,3/19/2021,,,,
American Society for Clinical Pathology,5/11/2021,3/30/2020,11/6/2020,,,,
SEIU 775 Benefits Group,5/10/2021,4/4/2021,4/4/2021,,,,
"Aspen Education Group, Inc.",5/10/2021,12/13/2020,12/13/2020,,,,
"Telmate, LLC",5/7/2021,8/11/2020,8/13/2020,,,,
"JHT Holdings, Inc.",5/7/2021,3/4/2021,3/22/2021,,,,
"NEC Networks, LLC d/b/a CaptureRx",5/5/2021,2/6/2021,2/6/2021,,,,
Med-Data Inc,5/5/2021,12/1/2018,9/30/2019,,,,
"Acme Construction Supply (""Acme"")",5/4/2021,7/5/2020,7/5/2020,,,,
"Divvy Up, Inc.",5/3/2021,12/1/2020,3/8/2021,,,,
"ClearVoiceResearch.com, LLP",04/30/2021,4/16/2021,4/17/2021,,,,
"Partnerships in Community Living, Inc.",04/27/2021,12/7/2020,12/7/2020,,,,
Brownstein Rask LLP,04/26/2021,2/24/2021,3/9/2021,,,,
Blade HQ,04/19/2021,1/7/2021,4/11/2021,,,,
Fort Hays State University Foundation,04/16/2021,,,,,,
Armfield Harrison & Thomas,04/16/2021,12/4/2020,12/8/2020,,,,
"Ryan, Swanson, & Cleveland PLLC",04/16/2021,1/16/2021,1/21/2021,,,,
"AmeriFirst Financial, Inc.",04/15/2021,1/1/0001,12/10/2020,,,,
"American College of Emergency Physicians (""ACEP"")",4/9/2021,4/8/2020,9/21/2020,,,,
MailMyPrescriptions.com Pharmacy Corporation,4/8/2021,2/3/2021,11/24/2020,,,,
"Minnetonka Moccasin Company, Inc.",4/6/2021,11/25/2020,12/25/2020,,,,
"On Q Financial, Inc.",4/2/2021,2/22/2021,2/24/2021,,,,
Slate & Tell LLC,4/2/2021,3/1/2020,1/15/2021,,,,
MHNext LLC (d/b/a Manhunt),4/2/2021,2/1/2021,3/2/2021,,,,
"Liberty Mutual Group, Inc.",03/31/2021,11/21/2020,1/22/2021,1/21/2021,1/21/2021,3/6/2021,3/12/2021
The National Wildlife Federation,03/24/2021,,,,,,
"Colin Rockey Hackett Law, PC",03/20/2021,11/15/2020,11/15/2020,,,,
Cancer Treatment Centers of America at Midwestern Regional Medical Center,03/19/2021,1/12/2021,1/18/2021,,,,
"Citywide Home Loans, LLC",03/19/2021,11/18/2020,12/2/2020,,,,
Glenwood Restaurants Inc,03/17/2021,2/25/2021,2/26/2021,,,,
Infinity Insurance Company,03/16/2021,12/14/2020,12/27/2020,,,,
"Flagstar Bank, FSB",03/15/2021,1/20/2021,1/22/2021,,,,
Quality CPR Care LLC dba American CPR Care Association,03/15/2021,6/1/2020,11/15/2020,,,,
CPR AED Course LLC dba American Health Care Academy,03/15/2021,6/1/2020,11/15/2020,,,,
Pan-American Life Insurance Group,3/11/2021,2/16/2021,2/19/2021,,,,
Security Industry Specialists,3/11/2021,,,,,,
Perkins & Co,3/11/2021,11/8/2020,12/3/2020,,,,
"CorePower Yoga, LLC",3/9/2021,,,,,,
"CorePower Yoga, LLC",3/9/2021,11/7/2019,2/3/2020,,,,
Metromile Insurance Company,3/6/2021,12/1/2020,1/20/2021,,,,
The American Armed Forces Mutual Aid Association,3/5/2021,1/28/2021,1/31/2021,,,,
Trillium Community Health Plan,3/4/2021,1/7/2021,1/25/2021,,,,
Saint Alphonsus Health System,3/4/2021,1/4/2021,1/6/2021,,,,
Americold Realty Trust,3/4/2021,10/29/2020,11/16/2020,,,,
Cardinal Logistics Management Corp.,3/2/2021,10/20/2020,10/20/2020,,,,
"Nagel & Padilla, LLC",02/26/2021,9/10/2020,9/10/2020,,,,
Integon National Insurance Company,02/26/2021,8/10/2020,2/5/2021,,,,
"AllyAlign Health, Inc.",02/26/2021,11/13/2020,11/14/2020,,,,
"BSN Sports, LLC",02/26/2021,,,,,,
Root Insurance Company,02/25/2021,1/21/2021,1/28/2021,,,,
"Metro Presort, Inc",02/18/2021,5/6/2019,5/15/2019,,,,
"DACdb, LLC",2/10/2021,10/22/2020,1/19/2021,,,,
Brotherhood’s Relief & Compensation Fund,2/2/2021,1/3/2021,1/3/2021,,,,
"Auris Health, Inc.",01/27/2021,3/15/2020,8/14/2020,,,,
"Bosley, Inc.",01/26/2021,8/17/2020,8/17/2020,,,,
American Frame Corporation,01/25/2021,8/1/2020,8/1/2020,,,,
USCellular,01/22/2021,1/4/2021,1/10/2021,,,,
Cascade Insurance Center,01/20/2021,10/30/2020,11/6/2020,,,,
Paysafe Group Holdings Limitedd,01/19/2021,5/13/2018,11/24/2020,,,,
National Western Life Insurance Company (NWL),01/19/2021,,,,,,
ALE Solutions Inc,01/19/2021,4/1/2020,6/30/2020,,,,
Matson Navigation Company,1/6/2021,1/1/2020,10/14/2020,,,,
"Peter Pan Seafoods, Inc.",1/4/2021,12/12/2020,12/13/2020,,,,
Treasure Valley Community College,12/31/2020,7/9/2019,7/9/2019,,,,
"Life Quotes, Inc.",12/31/2020,,,,,,
International Union of Bricklayers and Allied Craftworkers,12/30/2020,6/4/2020,7/10/2020,,,,
Zoetop Business Co. Ltd.,12/30/2020,7/14/2018,,,,,
Dickey's Barbecue Pit,12/29/2020,6/19/2019,11/24/2020,,,,
"Metabolic Maintenance Products, Inc.",12/23/2020,10/1/2019,8/20/2020,,,,
"Tree Top, Inc. and Northwest Naturals LLC",12/23/2020,11/10/2020,11/11/2020,,,,
Maps Credit Union,12/16/2020,9/7/2020,12/11/2020,,,,
"MEDNAX Services, Inc.",12/16/2020,6/17/2020,6/22/2020,,,,
"Grass Valley USA, LLC",12/14/2020,,,,,,
Belden Inc.,12/14/2020,,,,,,
Sonoma Valley Hospital,12/11/2020,9/10/2020,10/11/2020,,,,
Aetna,12/10/2020,6/24/2020,7/1/2020,,,,
USNR LLC,12/7/2020,9/28/2020,10/25/2020,,,,
Westminster School,12/7/2020,4/18/2020,5/7/2020,,,,
Relay Resources,12/4/2020,,,,,,
Fairchild Medical Center,12/4/2020,12/16/2016,7/31/2020,,,,
Moses Brown School,12/3/2020,4/18/2020,5/7/2020,,,,
Luxottica of America Inc,12/2/2020,8/5/2020,8/9/2020,,,,
"Etz Hayim Holdings, SPC. d/b/a Lazarus Naturals",11/30/2020,9/5/2020,9/14/2020,,,,
"Canon U.S.A., Inc.",11/25/2020,7/20/2020,8/6/2020,,,,
"First Sonora Bancshares, Inc. (""Sonora Bank"")",11/21/2020,6/1/2020,8/10/2020,,,,
Next Adventure,11/20/2020,6/4/2020,11/5/2020,,,,
Woodruff Sawyer & Co.,11/12/2020,3/2/2020,3/3/2020,,,,
"Ultra Clean Holdings, Inc.",11/10/2020,8/3/2020,8/4/2020,,,,
"VF Outdoor, LLC doing business as The North Face®",11/5/2020,10/8/2020,10/9/2020,,,,
Baker Tax & Accounting PC,11/5/2020,,,,,,
"Ride Connection, Inc.",10/30/2020,5/20/2020,,,,,
"JM Bullion, Inc.",10/28/2020,1/1/2020,7/17/2020,,,,
Ascend Clinical LLC,10/27/2020,4/21/2020,6/15/2020,,,,
TrueFire LLC,10/27/2020,2/21/2020,,,,,
Hacker Architects,10/23/2020,4/22/2020,7/6/2020,,,,
"Sam's West, Inc. dba Sam's Club",10/21/2020,9/17/2020,9/24/2020,,,,
United Healthcare,10/16/2020,9/1/2020,9/1/2020,,,,
Made In Oregon,10/16/2020,2/1/2020,8/31/2020,,,,
Carnival Corporation and plc,10/16/2020,,,,,,
"Wyndham Capital Mortgage, Inc.",10/16/2020,9/18/2020,9/18/2020,,,,
EyeMed Vision Care LLC,10/12/2020,6/24/2020,7/1/2020,,,,
American Symphony Orchestra League,10/5/2020,5/1/2020,,,,,
"PupBox, c/o Petco Animal Supplies Stores, Inc.",10/2/2020,2/11/2020,8/9/2020,,,,
The Hoffman Corporation,09/30/2020,7/31/2020,8/4/2020,,,,
"CBD Industries, LLC",09/29/2020,3/30/2020,5/8/2020,5/14/2020,5/18/2020,,
Inova Health System,09/22/2020,2/7/2020,5/20/2020,,,,
"U.S. Bank, N.A.",09/18/2020,7/30/2020,7/30/2020,,,,
"FabFitFun, Inc.",09/18/2020,4/26/2020,5/14/2020,5/22/2020,8/3/2020,,
Baylor Genetics,09/14/2020,9/24/2019,11/14/2019,,,,
SMART Reading,9/11/2020,2/7/2020,5/20/2020,,,,
"LiveAuctioneers, LLC",9/10/2020,6/19/2020,7/11/2020,,,,
Children's Cancer Association,9/8/2020,2/7/2020,5/20/2020,,,,
"INTEGRIS Baptist Medical Center, Inc.",9/4/2020,10/17/2019,10/17/2019,,,,
"Artech, L.L.C.",9/4/2020,1/5/2020,1/8/2020,,,,
Polycystic Kidney Disease Foundation,9/4/2020,5/1/2020,5/1/2020,,,,
"Osmose Utilities Services, Inc.",9/3/2020,7/6/2020,7/13/2020,,,,
Sekure Merchant Solutions,9/3/2020,1/24/2020,1/27/2020,,,,
"Nutranext, LLC",9/2/2020,5/27/2020,7/31/2020,,,,
Ohio History Connection,9/1/2020,2/7/2020,5/20/2020,,,,
Assured Imaging,08/31/2020,5/19/2020,,,,,
"Stericycle, Inc.",08/31/2020,10/1/2019,4/8/2020,,,,
"AliMed, Inc.",08/28/2020,,,,,,
The Jane Goodall Institute,08/28/2020,,,,,,
"Orenco Systems, Inc.",08/25/2020,,,,,,
Westcor Land Title Insurance Company,08/25/2020,1/10/2020,1/14/2020,,,,
"ArbiterSports, LLC",08/24/2020,6/30/2020,7/14/2020,,,,
Heifer Project International,08/21/2020,5/14/2020,,,,,
Richard J. Caron Foundation,08/20/2020,2/7/2020,5/20/2020,,,,
"Dave, Inc.",08/20/2020,6/23/2020,7/1/2020,,,,
"Dynasplint Systems, Inc.",08/17/2020,4/29/2020,5/12/2020,,,,
Filters Fast LLC,08/14/2020,7/19/2019,7/10/2020,,,,
Prostate Cancer Foundation,08/13/2020,2/7/2020,5/20/2020,,,,
"Wurkforce, Inc.",8/3/2020,11/22/2019,,,,,
Gonzales Gonzales & Gonzales Immigration Law Offices,07/29/2020,5/28/2020,6/2/2020,,,,
"Front Rush, LLC",07/28/2020,1/18/2016,1/8/2020,,,,
CK-12 Foundation,07/27/2020,2/26/2020,3/3/2020,,,,
"Collabera, Inc.",07/21/2020,5/24/2020,6/8/2020,,,,
Senior Resource Group LLC,07/20/2020,12/17/2019,12/18/2019,,,,
"FormFactor, Inc.",07/16/2020,6/21/2020,6/28/2020,,,,
Morgan Stanley,7/10/2020,,,,,,
Morgan Stanley,7/10/2020,,,,,,
"Claire's Stores, Inc.",7/8/2020,4/7/2020,6/12/2020,,,,
Federal Home Loan Mortgage Corporation,7/7/2020,,,,,,
Zipari,06/18/2020,5/1/2019,11/30/2019,,,,
"Umatilla Morrow Head Start, Inc.",06/18/2020,1/23/2020,1/27/2020,,,,
The Waldorf Center,6/12/2020,12/12/2019,12/12/2019,,,,
"Zoosk, Inc",6/11/2020,1/12/2020,,,,,
Grande Ronde Hospital,6/3/2020,2/18/2020,2/19/2020,,,,
Bombas LLC,6/3/2020,11/11/2016,2/16/2017,,,,
"Minted, LLC",05/28/2020,5/6/2020,5/6/2020,,,,
Mathway LLC,05/22/2020,,,,,,
Gustafson & Company LLC,05/21/2020,1/22/2020,1/28/2020,,,,
Magellan Health Inc.,5/11/2020,4/6/2020,4/12/2020,,,,
"Carestream Health, Inc.",5/8/2020,5/1/2020,5/1/2020,,,,
Principal Life Insurance Company,5/7/2020,12/12/2019,12/16/2019,,,,
Atria Wealth Solutions,5/7/2020,12/3/2019,12/3/2019,,,,
Volusion LLC,04/21/2020,9/7/2019,3/20/2020,,,,
"KandyPens, Inc.",04/20/2020,3/7/2019,2/13/2020,,,,
YMCA of Columbia-Willamette,03/27/2020,12/19/2019,12/27/2019,,,,
Oregon Department of Human Services,03/20/2020,3/5/2020,3/6/2020,,,,
"Tandem Diabetes Care, Inc.",03/17/2020,1/17/2020,1/20/2020,,,,
"Avalon Health Care Management, Inc.",03/16/2020,6/17/2019,7/9/2019,,,,
"NorthWest Investment and Retirement Group, LLC",3/12/2020,9/26/2019,12/3/2019,,,,
Woods & Woods LLC,3/11/2020,1/15/2020,2/1/2020,,,,
Wichita State University,3/11/2020,12/3/2019,12/5/2019,,,,
Carnival Corporation & PLC,3/3/2020,4/11/2019,7/23/2019,,,,
AFTRA Retirement Fund,02/25/2020,10/24/2019,10/28/2019,,,,
Multnomah Education Service District,02/13/2020,1/19/2020,1/23/2020,,,,
"LaCrosse Footwear, Inc.",2/7/2020,8/1/2019,9/18/2019,,,,
Overlake Medical Center & Clinics,2/7/2020,12/6/2019,12/9/2019,,,,
"Hamilton & Naumes, LLC",2/5/2020,1/16/2020,1/16/2020,,,,
Health Share of Oregon,2/5/2020,11/18/2019,11/18/2019,,,,
"J.D. England Management, Inc.",01/17/2020,8/31/2019,9/1/2019,,,,
"Hanna Andersson, LLC",01/15/2020,9/16/2019,11/11/2019,,,,
City of Bend,01/14/2020,8/30/2019,10/14/2019,,,,
Klamath County,1/2/2020,1/1/0001,,,,,
Evolucion Innovations Inc.,12/31/2019,11/8/2019,,,,,
"Landry’s, Inc.",12/31/2019,1/18/2019,10/17/2019,,,,
Unum Group,12/30/2019,10/1/2019,10/10/2019,,,,
"ACTIVE Network, LLC",12/30/2019,10/1/2019,11/13/2019,,,,
Pension Planners Northwest,12/20/2019,11/7/2019,11/7/2019,,,,
"Vimly Benefit Solutions, Inc.",12/19/2019,1/1/0001,,,,,
"Wawa, Inc.",12/19/2019,3/4/2019,12/12/2019,,,,
Jambav Inc,12/17/2019,11/11/2019,,,,,
Magellan Rx Management,12/5/2019,4/27/2019,5/28/2019,,,,
"Choice Hotels International, Inc.",11/29/2019,6/1/2015,11/12/2019,,,,
Cadence Aerospace,11/22/2019,10/24/2019,10/24/2019,,,,
"ARINC, Incorporated",11/20/2019,10/7/2019,10/18/2019,,,,
macys.com,11/15/2019,10/7/2019,10/15/2019,,,,
"Solara Medical Supplies, LLC",11/13/2019,,,,,,
First Aid Beauty Limited,11/8/2019,4/15/2019,10/25/2019,,,,
"Arizona Dental Insurance Service, Inc. d.b.a. Delta Dental of Arizona",11/8/2019,7/8/2019,7/8/2019,,,,
SELCO Community Credit Union,11/1/2019,5/14/2019,5/14/2019,,,,
"Auto Approve, LLC",10/28/2019,8/28/2019,9/19/2019,,,,
Fix My Blinds,10/25/2019,3/14/2019,6/12/2019,,,,
Kalispell Regional Healthcare,10/22/2019,5/24/2019,6/4/2019,,,,
"Eye Buy Direct, Inc.",10/18/2019,9/1/2018,9/28/2019,,,,
"PKF, LLP",10/17/2019,8/17/2019,8/17/2019,,,,
Nutraceutical Wellness Inc. dba Nutrafol,10/16/2019,4/10/2019,,,,,
South Pacific Financial Corporation,10/13/2019,1/1/0001,,,,,
Cancer Treatment Centers of America at Southeastern Regional Medical Center,09/27/2019,7/22/2019,7/30/2019,,,,
"Majoris Health Systems, Inc.",09/24/2019,7/24/2019,7/24/2019,,,,
Presbyterian Healthcare Services,09/20/2019,5/9/2019,,,,,
Salem Health,09/18/2019,1/1/0001,,,,,
"Medico of South Carolina, Inc.",09/18/2019,6/20/2019,6/22/2019,,,,
Capital One,09/16/2019,3/22/2019,3/23/2019,,,,
Amateur Athletic Union,09/13/2019,7/2/2019,,,,,
"Peoples Injury Network Northwest (""PINN"")",9/12/2019,4/22/2019,4/23/2019,,,,
CafePress Inc.,9/5/2019,,,,,,
NTCA - The Rural Broadband Association,08/30/2019,4/3/2019,4/3/2019,,,,
Oregon Judicial Department,08/28/2019,7/11/2019,7/15/2019,,,,
"Creation Entertainment, Inc.",08/26/2019,2/1/2018,10/10/2018,,,,
The UPS Store #3604,08/22/2019,7/28/2019,7/30/2019,,,,
Providence Health Plan,08/13/2019,8/25/2010,4/24/2019,,,,
Mid-Valley Behavioral Care Network,8/9/2019,6/25/2019,6/26/2019,,,,
pickett dummigan mccall llp,8/1/2019,6/16/2019,6/16/2019,,,,
"Trusted Tours & Attractions, LLC",07/29/2019,3/24/2019,6/27/2019,,,,
"Laboratory Medicine Consultants, LTD",07/25/2019,3/21/2019,,,,,
"The Party Source, Inc.",07/19/2019,4/19/2019,7/5/2019,,,,
Oregon State University,07/19/2019,1/1/0001,,,,,
Laboratory Corporation of America Holdings (LabCorp),07/17/2019,8/1/2018,3/30/2019,,,,
Applied Ecological Services,07/17/2019,6/17/2019,6/18/2019,,,,
"Clinical Pathology Laboratories, Inc.",07/16/2019,3/21/2019,,,,,
Cancer Treatment Centers of America at Southeastern Regional Medical Center,07/15/2019,4/17/2019,5/15/2019,,,,
Cancer Treatment Centers of America at Eastern Regional Medical Center,07/15/2019,5/4/2019,5/15/2019,,,,
"Northwood, Inc.",07/15/2019,5/3/2019,5/6/2019,,,,
"Otak, Inc.",7/12/2019,4/5/2019,,,,,
Datamars Inc.,7/9/2019,12/1/2018,3/24/2019,,,,
Multnomah County Dept of Human Services,7/8/2019,5/28/2019,5/31/2019,,,,
"Backcountry Edge, Inc.",7/2/2019,,,,,,
Summa Health,06/28/2019,8/1/2018,8/31/2018,,,,
Rogue Valley Council of Governments,06/25/2019,6/7/2019,6/7/2019,,,,
"Dominion Dental Services, Inc., Dominion National Insurance Company, and Dominion Dental Services US",06/21/2019,8/25/2010,3/31/2019,,,,
"American Medical Response, Inc.",6/11/2019,9/24/2018,9/25/2018,,,,
Darwin’s Natural Pet Products,6/7/2019,9/27/2016,3/16/2019,,,,
"Acrisure LLC, d/b/a Filice Insurance Agency",6/6/2019,4/3/2019,4/3/2019,,,,
ZOLL Services LLC,6/6/2019,,,,,,
"Retrieval-Masters Creditors Bureau, Inc. (d/b/a/ American Medical Collection Agency)",6/5/2019,8/1/2018,3/30/2019,,,,
Jackson National Life Insurance Company,6/4/2019,4/1/2019,4/1/2019,,,,
"Inmediata Health Group, Corp",6/3/2019,1/1/2019,,,,,
Princess Polly Group Pty Ltd,05/30/2019,11/1/2018,4/29/2019,,,,
"Hematology Oncology Associates, PC",05/28/2019,12/18/2018,2/28/2019,,,,
Mediant Communications Inc.,05/28/2019,4/1/2019,4/1/2019,,,,
Huggins Insurance,05/24/2019,11/25/2018,1/24/2019,,,,
National Wildlife Federation,05/24/2019,1/3/2019,,,,,
"Drury Hotels Company, LLC",05/24/2019,1/1/0001,,,,,
Cancer Treatment Centers of America,05/21/2019,3/10/2019,3/10/2019,,,,
State of Oregon Construction Contractor Board,05/17/2019,10/27/2018,10/29/2018,,,,
Oklahoma Department of Securities,5/10/2019,11/29/2018,12/11/2018,,,,
Oregon Health Authority,5/10/2019,5/6/2019,5/6/2019,,,,
US Oncology,5/9/2019,6/7/2018,6/7/2018,,,,
Partners In Care,04/26/2019,11/17/2018,12/12/2018,,,,
Full Access High Desert,04/26/2019,4/6/2017,4/15/2017,,,,
"Lancaster Archery Supply, Inc.",04/26/2019,7/4/2018,2/16/2019,,,,
Oregon Institute of Technology,04/19/2019,10/19/2018,10/23/2018,,,,
Clearway Pain Solutions Institute,4/11/2019,2/20/2019,,,,,
RS Medical,4/11/2019,2/11/2019,2/12/2019,,,,
New Bit Ventures Ltd. (owner of Coinmama.com),4/9/2019,12/9/2018,12/12/2018,,,,
AeroGrow International,4/4/2019,10/29/2018,3/4/2019,,,,
"Key West Hotels, LLC",4/2/2019,2/7/2018,12/31/2018,,,,
Oregon Endodontic Group,4/2/2019,11/9/2018,11/26/2018,,,,
Earl Enterprises,03/29/2019,5/23/2018,3/18/2019,,,,
Columbia Forest Products,03/29/2019,9/8/2018,11/13/2018,,,,
"Warn Industries, Inc.",03/22/2019,2/28/2018,1/7/2019,,,,
Providence Health Plan,03/19/2019,8/23/2018,8/23/2018,,,,
"flexPATH Strategies, LLC",03/15/2019,12/7/2018,12/7/2018,,,,
ABM Industries Incorporated,3/12/2019,1/8/2018,8/7/2018,,,,
"RSC Insurance Brokerage, Inc.",3/1/2019,8/23/2018,8/23/2018,,,,
Armor Games Inc.,02/25/2019,1/1/2019,,,,,
University of Washington Medicine,02/25/2019,12/4/2018,1/10/2019,,,,
"North Country Business Products, Inc.",02/15/2019,1/3/2019,1/24/2019,,,,
North 40 Outfitters,02/14/2019,2/2/2018,11/20/2018,,,,
Truluck’s Restaurant Group,2/12/2019,11/4/2018,12/8/2018,,,,
"Breach at: Pairprep, Inc. Data Owned by: Stanwich Mortgage Loan Trust A, C, and D",2/12/2019,2/1/2018,1/15/2019,,,,
"Image-I-Nation Technologies, Inc.",2/4/2019,11/1/2018,11/15/2018,,,,
Pharmaca Integrative Pharmacy Inc.,01/18/2019,7/19/2018,12/12/2018,,,,
"A&A Global Imports, Inc.",01/14/2019,,,,,,
"Aimbridge Hospitality Holdings, LLC",12/31/2018,6/7/2018,9/24/2018,,,,
Housing Authority Of The City Of Salem,12/31/2018,11/20/2018,11/20/2018,,,,
Warby Parker,12/27/2018,9/25/2018,9/25/2018,,,,
"BEL USA, LLC through its website DiscountMugs.com",12/26/2018,8/5/2018,8/5/2018,,,,
Hammer Nutrition,12/21/2018,1/1/2018,1/1/2018,,,,
Springstone Financial,12/14/2018,7/27/2018,7/27/2018,,,,
Titan Manufacturing and Distributing Inc.,12/7/2018,5/22/2018,10/25/2018,,,,
"U.S. Bancorp Investments, Inc",12/5/2018,11/1/2018,11/1/2018,,,,
San Diego Hardware,12/5/2018,2/5/2018,2/5/2018,,,,
"Thesy, LLC",12/5/2018,12/6/2017,12/6/2017,,,,
AerServ,12/2/2018,,,,,,
"Marriott International, Inc.",11/30/2018,4/15/2014,4/15/2014,,,,
Cancer Treatment Centers of America,11/30/2018,5/2/2018,5/2/2018,,,,
Atrium Health (formerly Carolinas HealthCare System),11/27/2018,9/22/2018,9/22/2018,,,,
Family Tree Relief Nursery,11/27/2018,11/26/2016,11/26/2016,6/1/2018,6/1/2018,,
British Airways Plc,11/21/2018,4/21/2018,4/21/2018,8/21/2018,8/21/2018,,
R.R. Bowker LLC,11/20/2018,5/1/2018,5/1/2018,,,,
The Hanover INsurance Company and its subsidiary and affiliate insurance companies,11/19/2018,3/16/2018,3/16/2018,,,,
Francesca’s Services Corporation,11/19/2018,12/28/2017,12/28/2017,,,,
LPL Financial LLC,11/17/2018,11/1/2018,,,,,
Newegg Inc.,11/15/2018,8/13/2018,8/13/2018,,,,
"HealthEquity, Inc.",11/15/2018,9/4/2018,9/4/2018,,,,
Pharmacy Times Office of Continuing Professional Education (“PTCE”),11/13/2018,7/6/2018,7/6/2018,,,,
"Stein Mart, Inc.",11/13/2018,12/28/2017,12/28/2017,,,,
"Title Nine Sports, Inc.",11/12/2018,12/28/2017,12/28/2017,,,,
"Southwest Washington Regional Surgery Center, LLC",11/6/2018,5/27/2018,5/27/2018,,,,
"Nordstrom, Inc.",11/5/2018,10/9/2018,10/9/2018,,,,
Burgerville LLC,10/30/2018,8/29/2017,8/29/2017,,,,
Tillamook Chiropractic Clinic,10/30/2018,5/24/2016,5/24/2016,,,,
Bankers Life,10/25/2018,5/30/2018,5/30/2018,,,,
"GS1 US, Inc.",10/25/2018,7/7/2017,7/7/2017,,,,
Renaissance Philanthropic Solutions Group (“RenPSG”),10/18/2018,6/5/2018,6/5/2018,,,,
Shein,10/11/2018,6/1/2018,6/1/2018,,,,
Cigna,10/10/2018,9/5/2018,9/5/2018,,,,
"Northwest Surgical Specialists, P.C. d/b/a Rebound Orthopedics & Neurosurgery",10/5/2018,5/22/2018,,,,,
"FirstGroup of America, Inc.",09/26/2018,8/1/2015,,,,,
"Smith Freed & Eberhard, P.C.",09/21/2018,7/26/2018,7/26/2018,,,,
Tech Rabbit LLC,09/19/2018,2/22/2017,2/22/2017,,,,
"Peaceful Valley Farm Supply, Inc.",9/12/2018,2/9/2018,2/9/2018,,,,
Movement Mortgage LLC,08/31/2018,10/9/2017,10/9/2017,,,,
LÍLLÉbaby,08/29/2018,6/1/2016,6/1/2016,,,,
"Richard Owen Nursery, Inc.",08/29/2018,9/29/2017,9/29/2017,,,,
Cheddar's Scratch Kitchen,08/23/2018,11/3/2017,11/3/2017,,,,
"Health Management Concepts, Inc.",08/22/2018,7/19/2018,7/19/2018,,,,
Legacy Health,08/21/2018,5/26/2018,5/26/2018,,,,
RBC Wealth Management,8/9/2018,,,,,,
Canyon Rd. Chiropractic and Massage,8/7/2018,6/30/2018,6/30/2018,,,,
ChoiceOne / MedSpring Urgent Care,8/3/2018,5/13/2018,5/13/2018,,,,
Colorado Bankers Life Insurance Company,8/3/2018,3/28/2018,3/28/2018,,,,
Sunspire Health,07/27/2018,3/1/2018,3/1/2018,,,,
Yale University,07/27/2018,4/1/2008,4/1/2008,,,,
TradeMotion,07/25/2018,1/1/0001,,,,,
"ComplyRight, Inc",07/25/2018,4/20/2018,4/20/2018,,,,
"City of Medford, Oregon",07/20/2018,2/18/2018,2/18/2018,3/29/2018,3/29/2018,,
Tommie Copper Inc,7/11/2018,11/10/2017,11/10/2017,1/21/2018,1/21/2018,,
Campbell Soup Company,7/10/2018,6/27/2018,6/27/2018,,,,
The International Mission Board,7/6/2018,2/14/2018,2/14/2018,,,,
ATI Holdings LLC and its subsidiaries,7/5/2018,1/9/2018,1/9/2018,,,,
"Macy's, Inc",7/3/2018,5/26/2018,6/11/2018,,,,
State Accident Insurance Fund Corporation,6/8/2018,5/7/2018,5/9/2018,,,,
Aimbridge Employee Service Corp.,6/7/2018,1/8/2018,3/21/2018,,,,
Holland Eye Surgery and Laser Center,6/6/2018,6/1/2016,,,,,
City of Portland,6/1/2018,4/6/2018,4/6/2018,,,,
"Transamerica, including Transamerica Life Insurance Company and Transamerica Retirement Solutions",6/1/2018,3/1/2017,1/31/2018,,,,
Care Partners Hospice and Palliative,05/25/2018,4/11/2018,4/11/2018,,,,
The Oregon Clinic,05/24/2018,,,,,,
Saxon Insurance Services,05/23/2018,5/7/2018,5/7/2018,,,,
Chili's Grill & Bar,05/23/2018,3/1/2018,4/1/2018,,,,
"Integrated Practice Solutions, Inc.",05/21/2018,4/11/2018,4/11/2018,,,,
"Bombas, LLC",05/18/2018,9/1/2013,1/15/2015,1/27/2015,2/9/2015,,
Cable Hill Partners LLC,05/17/2018,1/10/2018,1/16/2018,,,,
Sears Holdings Managment Corporation,05/17/2018,9/27/2017,10/12/2017,,,,
Corporation Service Company,05/17/2018,11/25/2017,,,,,
"TaskRabbit, Inc.",05/16/2018,4/11/2018,4/18/2018,,,,
"LaPorte & Associates, Inc.",05/14/2018,4/2/2018,,,,,
Rail Europe North America Inc.,5/8/2018,11/29/2017,2/16/2018,,,,
"Suntrust Banks, Inc",5/8/2018,,,,,,
Global University,5/8/2018,12/31/2017,1/31/2018,,,,
"Alaska Airlines, Inc.",5/4/2018,10/1/2017,12/22/2017,,,,
Hudson's Bay Company,5/3/2018,7/1/2017,,,,,
W.W. Grainger Inc.,04/20/2018,9/26/2017,10/12/2017,,,,
Southwest Airlines co.,04/20/2018,10/1/2017,12/22/2017,,,,
"Delta Air Lines, Inc.",04/13/2018,9/26/2017,10/12/2017,,,,
"Inogen, Inc.",04/13/2018,12/9/2017,3/14/2018,,,,
Bronson Nutritionals LLC,03/27/2018,5/15/2017,1/30/2018,,,,
Oregon Department of Revenue,03/27/2018,2/21/2018,,,,,
Orbitz,03/21/2018,10/1/2017,12/22/2017,,,,
Pioneer Pacific College,3/7/2018,2/9/2018,,,,,
Preferred Hotel & Resorts,3/2/2018,6/1/2018,11/1/2017,,,,
FastHealth Corporation,02/27/2018,8/14/2017,8/18/2017,,,,
North 40 Outfitters,02/23/2018,1/20/2017,1/29/2018,,,,
"TERRA Services, Inc.",02/16/2018,,,,,,
Equifax Consumer Services LLC,2/8/2018,8/1/2017,9/2/2017,,,,
"PAR Electrical Contractors, Inc.",2/5/2018,12/22/2017,12/22/2017,,,,
Pension Fund of the Christian Church (“Pension Fund”),01/16/2018,10/12/2017,,,,,
"LiveGlam, Inc.",1/11/2018,12/11/2017,,,,,
Multnomah Athletic Club,1/11/2018,12/2/2017,12/5/2017,,,,
"Deli Management, Inc. (d/b/a Jason's Deli, Inc.)",1/11/2018,6/8/2017,,,,,
"Rea.deeming Beauty, Inc. dba beautyblender",1/5/2018,4/25/2015,10/26/2017,,,,
WEI Mortgage LLC,1/3/2018,9/13/2017,9/28/2017,,,,
"TIO Networks USA, Inc. (TIO.com), Cricket Wireless LLC, and Pacific Gas and Electric Company",12/29/2017,1/1/2014,11/10/2017,,,,
"Forever 21, Inc.",12/28/2017,4/3/2017,11/18/2017,,,,
SAIF Corporation,12/21/2017,11/3/2017,11/3/2017,,,,
National Capital Poison Center (“NCPC”),12/8/2017,10/21/2017,10/21/2017,,,,
JAM Paper & Envelope,12/1/2017,6/15/2016,11/6/2017,,,,
"The Medical College of Wisconsin, Inc.",11/30/2017,7/21/2017,7/28/2017,,,,
"Uber Technologies, Inc.",11/21/2017,10/13/2016,11/15/2016,,,,
ABM Industries Incorporated,11/14/2017,7/7/2017,,,,,
Gallagher NAC,11/13/2017,6/18/2017,9/19/2017,,,,
"Tween Brands, Inc.",11/3/2017,,,,,,
"Shop-Rite Supermarkets, Inc.",10/30/2017,2/1/2016,2/1/2016,,,,
"Whole Foods Market Services, Inc.",10/20/2017,3/10/2017,9/28/2017,,,,
"Pizza Hut, LLC",10/16/2017,10/1/2017,10/2/2017,,,,
Owner's Association of Rivertide Suites,10/13/2017,8/10/2016,3/9/2017,,,,
Catholic United Financial,10/13/2017,11/12/2016,9/6/2017,,,,
"Transamerica, including Transamerica Life Insurance Company & Transamerica Retirement Solutions, LLC",10/13/2017,1/3/2017,8/29/2017,,,,
"Provo Craft & Novelty, Inc., d/b/a Cricut",10/12/2017,5/27/2017,7/12/2017,,,,
Hyatt Hotels Corporation,10/12/2017,3/18/2017,7/2/2017,,,,
Tommie Copper Inc.,10/6/2017,4/25/2017,8/29/2017,,,,
"FlexShopper, LLC",10/5/2017,8/25/2017,8/30/2017,,,,
Kenco Group,10/2/2017,8/30/2017,8/30/2017,,,,
"Servis One, Inc. dba BSI Financial Services",09/29/2017,5/31/2017,6/1/2017,,,,
The Online Traffic School,09/29/2017,6/20/2014,7/26/2017,,,,
Phoenix Inns,09/28/2017,8/10/2016,3/9/2017,,,,
"Brown/Armstrong, PC",09/25/2017,,,,,,
"W.W. Grainger, Inc.",09/20/2017,8/23/2017,8/23/2017,,,,
TRUEbenefits LLC,09/18/2017,,,,,,
"Bulletproof 360, Inc",09/15/2017,10/26/2016,5/30/2017,8/28/2017,9/5/2017,,
"CBS Consolidated, Inc.",09/13/2017,7/10/2017,,,,,
Native Canada Footwear Ltd,9/8/2017,4/28/2015,6/23/2017,,,,
Equifax Inc.,9/7/2017,5/13/2017,7/30/2017,,,,
Bright Wood Corporation,08/29/2017,5/1/2017,7/13/2017,,,,
Loews Hotels & Co,08/18/2017,8/29/2016,3/9/2017,,,,
"Dutch, LLC",08/17/2017,6/9/2016,6/6/2017,12/25/2016,1/26/2017,,
Performant Financial Corporation,08/14/2017,1/27/2017,2/2/2017,,,,
Steel Technology LLC dba Hydro Flask,07/28/2017,5/2/2017,,,,,
Avanti Markets Inc.,07/24/2017,7/2/2017,7/4/2017,,,,
"SBE ENT Holdings, LLC",07/22/2017,8/10/2016,3/9/2017,,,,
"The Buckle, Inc",07/21/2017,10/28/2016,4/14/2017,,,,
"Value Eyecare Network, Inc. d/b/a 39DollarGlasses.com",07/21/2017,5/31/2017,,,,,
"Keller Williams Realty, Inc.",07/18/2017,5/6/2017,5/10/2017,,,,
"Apartment Management Consultants, LLC",07/14/2017,6/29/2017,7/3/2017,,,,
"Two Roads Hospitality, LLC",07/14/2017,8/10/2016,3/9/2017,,,,
Burdette Smith & Bish LLC,07/14/2017,3/23/2017,4/12/2017,,,,
Spark Pay Online Store,7/12/2017,4/10/2017,6/7/2017,,,,
"Aetna, Inc.",7/10/2017,2/1/2017,4/28/2017,,,,
"Preferred Hotel Group, Inc",7/7/2017,8/10/2016,3/9/2017,,,,
"Gracenote, A Nielsen Company",06/23/2017,5/18/2017,,,,,
"Caliber Home Loans, Inc.",06/23/2017,1/18/2017,4/5/2017,,,,
"Kayser-Roth, Inc.",06/20/2017,2/1/2016,12/31/2016,,,,
Home Point Financial Corporation,06/20/2017,,,,,,
Airway Oxygen Inc.,06/16/2017,4/18/2017,,,,,
SMH Enterprises,6/9/2017,5/30/2017,5/30/2017,,,,
Washington State University,6/9/2017,4/21/2017,4/21/2017,,,,
"Freedom Smokes, Inc.",6/7/2017,3/7/2017,4/25/2017,,,,
"GameStop, Inc",6/5/2017,,,,,,
Signature Hardware Inc.,6/2/2017,4/28/2017,5/30/2017,,,,
BMO Harris Bank N.A.,05/31/2017,5/15/2017,5/15/2017,,,,
"Chipotle Mexixan Grill, Inc.",05/26/2017,3/24/2017,4/18/2017,,,,
"TALX Corporation, a wholly owned subsidiary of Equifax, Inc.",05/23/2017,1/4/2016,3/29/2017,,,,
"Incipio, LLC",05/23/2017,2/26/2016,12/5/2016,,,,
"Rite Aid Online Store, Inc.",05/18/2017,1/30/2017,4/11/2017,,,,
"Nicopure Labs, LLC",05/16/2017,,,,,,
Indigo Wild,5/12/2017,11/14/2016,4/17/2017,,,,
Lane Community College Health Clinic,5/9/2017,3/8/2016,2/2/2017,,,,
"Marbles, LLC",5/8/2017,2/1/2016,12/31/2016,,,,
"RM Acquisition, LLC d/b/a Rand McNally",5/5/2017,4/12/2016,3/2/2017,,,,
George Fox University,04/21/2017,1/16/2017,1/16/2017,,,,
"Combat Brands, LLC",04/17/2017,7/1/2015,2/23/2017,,,,
"Six Continents Hotels, Inc. (d/b/a InterContinental Hotels Group)",04/14/2017,9/29/2016,12/29/2016,,,,
Tempur-Pedic,4/12/2017,2/15/2016,9/30/2016,,,,
"Solera Holdings, Inc.",4/7/2017,,,,,,
Multnomah County Data Breach,4/6/2017,8/24/2012,12/23/2016,,,,
"Easy Breathe, Inc.",03/27/2017,2/10/2017,2/10/2017,,,,
"Aptos, Inc",03/24/2017,2/1/2016,12/31/2016,,,,
"Bambeco, Inc",03/24/2017,2/1/2016,12/31/2016,,,,
Federal Process Corporation,03/23/2017,2/23/2017,2/23/2017,,,,
"Bulletproof 360, Inc.",03/21/2017,10/26/2016,1/31/2017,,,,
"St. Charles Health System, Inc",03/16/2017,10/8/2014,1/16/2016,,,,
BBB Industries LLC,03/13/2017,3/9/2017,3/9/2017,,,,
"Bluemercury, inc.",3/10/2017,2/1/2016,12/31/2016,,,,
"Century, LLC",3/10/2017,2/1/2016,12/31/2016,,,,
"Movie Mars, Inc",3/10/2017,2/1/2016,12/31/2016,,,,
"Nutrex Hawaii, Inc",3/10/2017,2/1/2016,12/31/2016,,,,
"Plow and Hearth, LLC",3/10/2017,2/1/2016,12/31/2016,,,,
"Vapour Organic Beauty, LLC",3/10/2017,2/1/2016,12/31/2016,,,,
Alpha Industries,3/9/2017,2/1/2016,12/31/2016,,,,
Atlantic Cigar,3/9/2017,2/1/2016,12/31/2016,,,,
prAna,3/8/2017,12/14/2016,2/6/2017,,,,
West Music Company,3/3/2017,2/1/2016,12/31/2016,,,,
Redmond School District,02/28/2017,2/24/2017,,,,,
Intex Recreation Corp.,02/27/2017,4/24/2016,12/14/2016,,,,
Affy Tapple,02/27/2017,,,,,,
Mrs Prindables,02/27/2017,2/1/2016,12/3/2016,,,,
Abbott Nutrition,02/24/2017,,,,,,
"Roberts Hawaii, Inc.",02/24/2017,12/14/2016,,,,,
Pure Yoga LLC,2/7/2017,9/6/2016,12/18/2016,,,,
"DBM Global, Inc.",2/1/2017,1/7/2017,1/7/2017,,,,
"Charles Komar & Sons, Inc.",01/26/2017,3/1/2015,12/1/2016,,,,
"CoPilot Provider Support Services, Inc.",01/19/2017,,,,,,
"Spiraledge, Inc.",1/12/2017,,,,,,
"International Association of Sheet Metal, Air, Rail & Transport Workers, Sheet Metal Workers’ Local",12/30/2016,10/3/2016,,,,,
Providence Health & Services,12/29/2016,10/25/2016,10/28/2016,,,,
"Cascade Management, Inc.",12/29/2016,,,,,,
Western Union Financial Services,12/27/2016,7/1/2016,,,,,
Quest Diagnostics,12/12/2016,11/26/2016,,,,,
Asante,12/9/2016,6/23/2014,10/22/2016,,,,
Michigan State University,12/9/2016,11/13/2016,,,,,
Primerica,11/23/2016,9/4/2016,,,,,
Island Hotel Company Limited,11/23/2016,3/9/2016,,,,,
The Madison Square Garden Company,11/22/2016,11/9/2015,,,,,
Springfield Armory,11/18/2016,10/3/2015,,,,,
"Charles Schwab & Co., Inc.",11/11/2016,3/25/2016,,,,,
WINDY RIDGE ACCOUNTING & TAX SERVICE,11/10/2016,10/22/2016,10/23/2016,,,,
UFCW Local 655 Food Employers Joint Pension Plan,11/9/2016,7/14/2016,,,,,
"Eileen Fisher, Inc.",11/9/2016,9/7/2016,10/24/2016,,,,
"Ameriprise Financial, Inc.",11/7/2016,,,,,,
"National Wholesale Company, Inc.",11/4/2016,9/2/2016,10/15/2016,,,,
Sentinel Hotel,11/4/2016,7/12/2016,,,,,
Kaiser Foundation Health Plan of the Northwest,11/4/2016,10/12/2016,10/13/2016,,,,
Liberty Buy Sell,10/17/2016,,,,,,
"Vera Bradley, Inc",10/12/2016,7/25/2016,,,,,
Winston Dillard School District #116,10/3/2016,5/15/2016,9/12/2016,9/13/2016,,,
"Jerry's Artarama NC, Inc",09/29/2016,5/3/2016,7/10/2016,,,,
Rebecca Minkoff,09/29/2016,,,,,,
New Jersey Spine Center,09/22/2016,7/27/2016,,,,,
ACTIVEOutdoors,09/19/2016,,,,,,
"KontrolFreek, LLC",09/16/2016,10/21/2015,4/7/2016,,,,
Asante,9/9/2016,8/18/2014,7/21/2016,,,,
Noble House Hotels & Resorts,9/2/2016,4/25/2016,8/5/2016,,,,
"Kimpton Hotels & Restaurant Group, LLC",08/31/2016,2/16/2016,,,,,
"Schwan's Home Service, Inc",08/31/2016,10/9/2015,,,,,
"Howard R. Jarvis, D.M.D., L.L.C. dba Southwest Portland Dental",08/30/2016,1/30/2012,7/30/2016,,,,
Michelle A. Pecora CPA P.C.,08/25/2016,7/27/2016,8/2/2016,,,,
"MedAltus, LLC",08/24/2016,5/3/2016,,,,,
Symphonix Life & Disability,08/19/2016,5/28/2016,,,,,
Eddie Bauer LLC,08/18/2016,1/2/2016,7/17/2016,,,,
"Newkirk Products, Inc.",08/17/2016,5/21/2016,,,,,
"Valley Anesthesiology Consultants, Inc., d/b/a Valley Anesthesiology and Pain Consultants",8/12/2016,3/30/2016,,,,,
Banner Health,8/3/2016,6/17/2016,7/7/2016,,,,
"NLU Products, LLC",07/27/2016,4/20/2015,6/23/2016,,,,
Comnet Marketing Group,07/22/2016,4/22/2016,4/24/2016,,,,
Omni Hotels and Resorts,07/21/2016,12/23/2015,6/14/2016,,,,
"CiCi Enterprises, LP",07/20/2016,6/30/2015,7/19/2016,,,,
"Group W. Partners, LLC",7/7/2016,12/2/2015,6/14/2016,,,,
"Joshua, Inc.",7/7/2016,12/2/2015,6/14/2016,,,,
"PNV Restaurants, Inc.",7/7/2016,1/13/2016,6/8/2016,,,,
Noodles & Company,06/29/2016,,,,,,
Hard Rock Hotel & Casino Las Vegas,06/27/2016,10/27/2015,,,,,
"Stamford Podiatry Group, PC",06/20/2016,2/12/2016,4/14/2016,,,,
Acer Service Corporation,06/14/2016,5/12/2015,,,,,
Certifikid,05/27/2016,1/25/2016,3/19/2016,,,,
The Kroger Co,05/27/2016,1/31/2016,,,,,
Flurish Inc. dba LendUp,05/16/2016,6/21/2012,,,,,
"Hi-Tec Sports USA, Inc.",5/11/2016,1/24/2016,,,,,
"Puppet, Inc.",5/9/2016,3/1/2016,,,,,
EqualizeRCM Systems,5/6/2016,2/26/2016,,,,,
ProSchools,5/2/2016,2/4/2016,3/16/2016,,,,
DOTERRA INTERNATIONAL LLC,5/2/2016,3/1/2016,,,,,
Michels Corporation,04/27/2016,4/16/2016,,,,,
"Advanced International Marketing, Inc.",04/26/2016,4/4/2016,,,,,
Advance Auto Parts,04/14/2016,3/7/2016,,,,,
"Schwaab, Inc.",4/11/2016,1/22/2014,8/21/2015,11/30/2015,2/4/2016,,
"Wynden Stark, dba GQR Global Markets/City Internships",4/8/2016,4/1/2016,,,,,
JB AUTOSPORTS INC,3/2/2016,8/1/2015,11/9/2015,,,,
Baileys,3/2/2016,9/25/2015,1/13/2016,,,,
Bay Area Chiropractic Center LLC,02/23/2016,6/1/2015,8/31/2015,,,,
"Gyft, Inc.",2/5/2016,10/3/2015,12/18/2015,,,,
"Landry’s, Inc., Golden Nugget Atlantic City, LLC, Golden Nugget Lake Charles, LLC, GNL Corp., GNLV C",01/29/2016,5/4/2014,3/15/2015,5/5/2015,12/3/2015,,
"HSBC Bank USA, National Association",01/14/2016,12/7/2015,12/8/2015,,,,
Accuform Manufacturing Inc,11/3/2015,6/30/2015,,,,,
T-Mobile / Experian,10/30/2015,9/15/2015,,,,,